
INSERT INTO DEPARTMENT(
	DID,
	NAME,
	DESCRIPTION,
	BUDGET
) VALUES
	('1', 'CUSTOMER SERVICE','MANAGE CUSTOMERS AND ORDERS', '1400000'),
	('2', 'PROTEIN PRODUCTION', 'FOCUS ON THE PROTEIN POWDER PRODUCTION', '2350000'),
	('3', 'CLOTHING PRODUCTION', 'FOCUS ON THE PRODUCTION OF CLOTHES', '750000')
;

INSERT INTO EMPLOYEE(
	EID,
	LAST_NAME,
	FIRST_NAME,
	DOB,
	ADDRESS,
	SALARY
) VALUES
	('1', 'PETRU', 'RARES', '1987-03-24', 'CLUJ-NAPOCA, ROMANIA', '70000'),
	('2', 'PASTOR', 'LUCIAN', '1995-07-4', 'CLUJ-NAPOCA, ROMANIA', '50000'),
	('3', 'COCOS', 'VASILE', '1973-05-13', 'CLUJ-NAPOCA, ROMANIA', '1500001'),
	('4', 'TABACARU', 'GEORGE', '1998-11-1', 'CLUJ-NAPOCA, ROMANIA', '45000'),
	('5', 'MORAR', 'TRAIAN', '1990-09-27', 'CLUJ-NAPOCA, ROMANIA', '250000')
;

INSERT INTO WORK_AT(
	DID,
	EID,
	EMPLOYNMENT_DATE
) VALUES
	('2', '1', '2018-04-21'),
	('2', '2', '2018-04-20'),
	('2', '3', '2018-04-20'),
	('2', '4', '2018-04-22'),
	('1', '5', '2018-04-23'),
	('3', '4', '2019-04-22')
;

INSERT INTO CUSTOMER(
	CID,
	LAST_NAME,
	FIRST_NAME,
 	DID
) VALUES
	('1', 'IANCU', 'RARES', '1'),
	('2', 'ENEA', 'ION', '1'),
	('3', 'POPESCU', 'ANDREI', '1')
;


INSERT INTO ORDER_(
	OID,
	DESCRIPTION,
	PRICE,
	CID
) VALUES
	('1', 'BULKING PACKAGE', '650', '1'),
	('2', 'WEIGHT LOSS PACKAGE', '200', '2'),
	('3', 'PRE_WORKOUT', '150', '1')
;


INSERT INTO FACTORY(
	FID,
	TYPE,
	LOCATION,
	DID
) VALUES
	('1', 'PROTEIN PRODUCTION', 'CLUJ-NAPOCA, ROMANIA', '2'),
	('2', 'PROTEIN PRODUCTION', 'BUCURESTI, ROMANIA', '2'),
	('3', 'CLOTHING PRODUCTION', 'CLUJ-NAPOCA, ROMANIA', '3'),
	('4', 'CLOTHING PRODUCTION', 'SUCEAVA, ROMANIA', '3'),
	('5', 'PROTEIN PRODUCTION', 'WARSAW, POLAND', '2')
;

INSERT INTO WAREHOUSE(
	WID,
	LOCATION,
	NAME,
	FID
) VALUES
	('1', 'CLUJ-NAPOCA, ROMANIA', 'PROTEIN WAREHOUSE 1', '1'),
	('2', 'CLUJ-NAPOCA, ROMANIA', 'CLOTHING WAREHOUSE 1', '3')
;

INSERT INTO PRODUCT(
	PID,
	TYPE,
	DESCRIPTION,
	PRICE,
	NAME
) VALUES
	('1', 'WHEY ISOLATE', '90% PROTEIN CONCENTRATION', '199', 'IMPACT WHEY ISOLATE'),
	('2', 'WHEY', '80% PROTEIN CONCENTRATION', '149', 'IMPACT WHEY'),
	('3', 'WHEY', '82% PROTEIN CONCENTRATION', '160', 'IMPACT WHEY 2.0'),
	('4', 'WHEY ISOLATE', '92% PROTEIN CONCENTRATION', '229', 'IMPACT WHEY ISOLATE 2.0')
;


INSERT INTO INVENTORY(
	WID,
	PID,
	QUANTITY
) VALUES
	('1', '1', '200'),
	('1', '2', '410')
;

/*
/*UPDATE*/
UPDATE EMPLOYEE
SET ADDRESS = 'BUCURESTI, ROMANIA'
WHERE EID = 1

UPDATE ORDER_
SET PRICE = 1300
WHERE OID = 2

UPDATE PRODUCT
SET PRICE = 350
WHERE PID = 1

DELETE FROM ORDER_ WHERE CID = 1
DELETE FROM EMPLOYEE WHERE LAST_NAME = 'PETRU'

INSERT INTO EMPLOYEE
VALUES('1', 'GRECU', 'TUDOR', 'AASDJKNA', 'CONSTANTA, ROMANIA', '80000')
*/
